window,k,skew,cool,round,day,sample_type,profit
50,1.0,1.5,1000,1,-2,IS,1051
50,1.0,1.5,1000,1,-1,IS,-5
50,1.0,1.5,1000,1,0,IS,188
50,1.0,1.5,1000,2,-1,IS,-5
50,1.0,1.5,1000,2,0,IS,188
50,1.0,1.5,1000,2,1,IS,576
50,1.0,1.5,1000,3,0,IS,188
50,1.0,1.5,1000,3,1,IS,576
50,1.0,1.5,1000,3,2,IS,8
50,1.0,1.5,1000,4,1,OOS,576
50,1.0,1.5,1000,4,2,OOS,8
50,1.0,1.5,1000,4,3,OOS,502
50,1.0,1.5,1000,5,2,OOS,8
50,1.0,1.5,1000,5,3,OOS,502
50,1.0,1.5,1000,5,4,OOS,52
10,2.0,0.8,100,1,-2,IS,259
10,2.0,0.8,100,1,-1,IS,277
10,2.0,0.8,100,1,0,IS,112
10,2.0,0.8,100,2,-1,IS,277
10,2.0,0.8,100,2,0,IS,112
10,2.0,0.8,100,2,1,IS,227
10,2.0,0.8,100,3,0,IS,112
10,2.0,0.8,100,3,1,IS,227
10,2.0,0.8,100,3,2,IS,75
10,2.0,0.8,100,4,1,OOS,227
10,2.0,0.8,100,4,2,OOS,75
10,2.0,0.8,100,4,3,OOS,225
10,2.0,0.8,100,5,2,OOS,75
10,2.0,0.8,100,5,3,OOS,225
10,2.0,0.8,100,5,4,OOS,126
200,1.0,1.5,1000,1,-2,IS,1027
200,1.0,1.5,1000,1,-1,IS,528
200,1.0,1.5,1000,1,0,IS,567
200,1.0,1.5,1000,2,-1,IS,528
200,1.0,1.5,1000,2,0,IS,567
200,1.0,1.5,1000,2,1,IS,78
200,1.0,1.5,1000,3,0,IS,567
200,1.0,1.5,1000,3,1,IS,78
200,1.0,1.5,1000,3,2,IS,1092
200,1.0,1.5,1000,4,1,OOS,78
200,1.0,1.5,1000,4,2,OOS,1092
200,1.0,1.5,1000,4,3,OOS,169
200,1.0,1.5,1000,5,2,OOS,1092
200,1.0,1.5,1000,5,3,OOS,169
200,1.0,1.5,1000,5,4,OOS,1268
100,3.0,1.5,100,1,-2,IS,1041
100,3.0,1.5,100,1,-1,IS,110
100,3.0,1.5,100,1,0,IS,-16
100,3.0,1.5,100,2,-1,IS,110
100,3.0,1.5,100,2,0,IS,-16
100,3.0,1.5,100,2,1,IS,560
100,3.0,1.5,100,3,0,IS,-16
100,3.0,1.5,100,3,1,IS,560
100,3.0,1.5,100,3,2,IS,-168
100,3.0,1.5,100,4,1,OOS,560
100,3.0,1.5,100,4,2,OOS,-168
100,3.0,1.5,100,4,3,OOS,-90
100,3.0,1.5,100,5,2,OOS,-168
100,3.0,1.5,100,5,3,OOS,-90
100,3.0,1.5,100,5,4,OOS,128
100,1.0,0.5,1000,1,-2,IS,1293
100,1.0,0.5,1000,1,-1,IS,-121
100,1.0,0.5,1000,1,0,IS,591
100,1.0,0.5,1000,2,-1,IS,-121
100,1.0,0.5,1000,2,0,IS,591
100,1.0,0.5,1000,2,1,IS,325
100,1.0,0.5,1000,3,0,IS,591
100,1.0,0.5,1000,3,1,IS,325
100,1.0,0.5,1000,3,2,IS,684
100,1.0,0.5,1000,4,1,OOS,325
100,1.0,0.5,1000,4,2,OOS,684
100,1.0,0.5,1000,4,3,OOS,765
100,1.0,0.5,1000,5,2,OOS,684
100,1.0,0.5,1000,5,3,OOS,765
100,1.0,0.5,1000,5,4,OOS,452
100,1.5,1.2,300,1,-2,IS,2059
100,1.5,1.2,300,1,-1,IS,-100
100,1.5,1.2,300,1,0,IS,1110
100,1.5,1.2,300,2,-1,IS,-100
100,1.5,1.2,300,2,0,IS,1110
100,1.5,1.2,300,2,1,IS,906
100,1.5,1.2,300,3,0,IS,1110
100,1.5,1.2,300,3,1,IS,906
100,1.5,1.2,300,3,2,IS,1444
100,1.5,1.2,300,4,1,OOS,906
100,1.5,1.2,300,4,2,OOS,1444
100,1.5,1.2,300,4,3,OOS,1023
100,1.5,1.2,300,5,2,OOS,1444
100,1.5,1.2,300,5,3,OOS,1023
100,1.5,1.2,300,5,4,OOS,956
10,1.5,0.8,1000,1,-2,IS,347
10,1.5,0.8,1000,1,-1,IS,63
10,1.5,0.8,1000,1,0,IS,178
10,1.5,0.8,1000,2,-1,IS,63
10,1.5,0.8,1000,2,0,IS,178
10,1.5,0.8,1000,2,1,IS,244
10,1.5,0.8,1000,3,0,IS,178
10,1.5,0.8,1000,3,1,IS,244
10,1.5,0.8,1000,3,2,IS,-12
10,1.5,0.8,1000,4,1,OOS,244
10,1.5,0.8,1000,4,2,OOS,-12
10,1.5,0.8,1000,4,3,OOS,226
10,1.5,0.8,1000,5,2,OOS,-12
10,1.5,0.8,1000,5,3,OOS,226
10,1.5,0.8,1000,5,4,OOS,154
30,1.0,1.2,700,1,-2,IS,677
30,1.0,1.2,700,1,-1,IS,145
30,1.0,1.2,700,1,0,IS,576
30,1.0,1.2,700,2,-1,IS,145
30,1.0,1.2,700,2,0,IS,576
30,1.0,1.2,700,2,1,IS,802
30,1.0,1.2,700,3,0,IS,576
30,1.0,1.2,700,3,1,IS,802
30,1.0,1.2,700,3,2,IS,-239
30,1.0,1.2,700,4,1,OOS,802
30,1.0,1.2,700,4,2,OOS,-239
30,1.0,1.2,700,4,3,OOS,335
30,1.0,1.2,700,5,2,OOS,-239
30,1.0,1.2,700,5,3,OOS,335
30,1.0,1.2,700,5,4,OOS,602
30,1.5,1.0,500,1,-2,IS,922
30,1.5,1.0,500,1,-1,IS,818
30,1.5,1.0,500,1,0,IS,308
30,1.5,1.0,500,2,-1,IS,818
30,1.5,1.0,500,2,0,IS,308
30,1.5,1.0,500,2,1,IS,454
30,1.5,1.0,500,3,0,IS,308
30,1.5,1.0,500,3,1,IS,454
30,1.5,1.0,500,3,2,IS,610
30,1.5,1.0,500,4,1,OOS,454
30,1.5,1.0,500,4,2,OOS,610
30,1.5,1.0,500,4,3,OOS,425
30,1.5,1.0,500,5,2,OOS,610
30,1.5,1.0,500,5,3,OOS,425
30,1.5,1.0,500,5,4,OOS,592
100,1.5,1.5,500,1,-2,IS,1544
100,1.5,1.5,500,1,-1,IS,314
100,1.5,1.5,500,1,0,IS,568
100,1.5,1.5,500,2,-1,IS,314
100,1.5,1.5,500,2,0,IS,568
100,1.5,1.5,500,2,1,IS,643
100,1.5,1.5,500,3,0,IS,568
100,1.5,1.5,500,3,1,IS,643
100,1.5,1.5,500,3,2,IS,440
100,1.5,1.5,500,4,1,OOS,643
100,1.5,1.5,500,4,2,OOS,440
100,1.5,1.5,500,4,3,OOS,372
100,1.5,1.5,500,5,2,OOS,440
100,1.5,1.5,500,5,3,OOS,372
100,1.5,1.5,500,5,4,OOS,956
30,2.0,1.0,500,1,-2,IS,367
30,2.0,1.0,500,1,-1,IS,239
30,2.0,1.0,500,1,0,IS,110
30,2.0,1.0,500,2,-1,IS,239
30,2.0,1.0,500,2,0,IS,110
30,2.0,1.0,500,2,1,IS,227
30,2.0,1.0,500,3,0,IS,110
30,2.0,1.0,500,3,1,IS,227
30,2.0,1.0,500,3,2,IS,239
30,2.0,1.0,500,4,1,OOS,227
30,2.0,1.0,500,4,2,OOS,239
30,2.0,1.0,500,4,3,OOS,299
30,2.0,1.0,500,5,2,OOS,239
30,2.0,1.0,500,5,3,OOS,299
30,2.0,1.0,500,5,4,OOS,17
50,3.0,0.5,1000,1,-2,IS,279
50,3.0,0.5,1000,1,-1,IS,-25
50,3.0,0.5,1000,1,0,IS,-7
50,3.0,0.5,1000,2,-1,IS,-25
50,3.0,0.5,1000,2,0,IS,-7
50,3.0,0.5,1000,2,1,IS,44
50,3.0,0.5,1000,3,0,IS,-7
50,3.0,0.5,1000,3,1,IS,44
50,3.0,0.5,1000,3,2,IS,-218
50,3.0,0.5,1000,4,1,OOS,44
50,3.0,0.5,1000,4,2,OOS,-218
50,3.0,0.5,1000,4,3,OOS,20
50,3.0,0.5,1000,5,2,OOS,-218
50,3.0,0.5,1000,5,3,OOS,20
50,3.0,0.5,1000,5,4,OOS,-15
100,2.5,0.5,100,1,-2,IS,1137
100,2.5,0.5,100,1,-1,IS,312
100,2.5,0.5,100,1,0,IS,490
100,2.5,0.5,100,2,-1,IS,312
100,2.5,0.5,100,2,0,IS,490
100,2.5,0.5,100,2,1,IS,1317
100,2.5,0.5,100,3,0,IS,490
100,2.5,0.5,100,3,1,IS,1317
100,2.5,0.5,100,3,2,IS,-254
100,2.5,0.5,100,4,1,OOS,1317
100,2.5,0.5,100,4,2,OOS,-254
100,2.5,0.5,100,4,3,OOS,118
100,2.5,0.5,100,5,2,OOS,-254
100,2.5,0.5,100,5,3,OOS,118
100,2.5,0.5,100,5,4,OOS,412
10,1.0,0.5,300,1,-2,IS,997
10,1.0,0.5,300,1,-1,IS,613
10,1.0,0.5,300,1,0,IS,354
10,1.0,0.5,300,2,-1,IS,613
10,1.0,0.5,300,2,0,IS,354
10,1.0,0.5,300,2,1,IS,637
10,1.0,0.5,300,3,0,IS,354
10,1.0,0.5,300,3,1,IS,637
10,1.0,0.5,300,3,2,IS,636
10,1.0,0.5,300,4,1,OOS,637
10,1.0,0.5,300,4,2,OOS,636
10,1.0,0.5,300,4,3,OOS,664
10,1.0,0.5,300,5,2,OOS,636
10,1.0,0.5,300,5,3,OOS,664
10,1.0,0.5,300,5,4,OOS,583
10,1.5,1.0,100,1,-2,IS,1177
10,1.5,1.0,100,1,-1,IS,643
10,1.5,1.0,100,1,0,IS,399
10,1.5,1.0,100,2,-1,IS,643
10,1.5,1.0,100,2,0,IS,399
10,1.5,1.0,100,2,1,IS,879
10,1.5,1.0,100,3,0,IS,399
10,1.5,1.0,100,3,1,IS,879
10,1.5,1.0,100,3,2,IS,-168
10,1.5,1.0,100,4,1,OOS,879
10,1.5,1.0,100,4,2,OOS,-168
10,1.5,1.0,100,4,3,OOS,649
10,1.5,1.0,100,5,2,OOS,-168
10,1.5,1.0,100,5,3,OOS,649
10,1.5,1.0,100,5,4,OOS,524
200,2.0,0.8,500,1,-2,IS,1106
200,2.0,0.8,500,1,-1,IS,-136
200,2.0,0.8,500,1,0,IS,466
200,2.0,0.8,500,2,-1,IS,-136
200,2.0,0.8,500,2,0,IS,466
200,2.0,0.8,500,2,1,IS,353
200,2.0,0.8,500,3,0,IS,466
200,2.0,0.8,500,3,1,IS,353
200,2.0,0.8,500,3,2,IS,944
200,2.0,0.8,500,4,1,OOS,353
200,2.0,0.8,500,4,2,OOS,944
200,2.0,0.8,500,4,3,OOS,186
200,2.0,0.8,500,5,2,OOS,944
200,2.0,0.8,500,5,3,OOS,186
200,2.0,0.8,500,5,4,OOS,870
100,1.0,1.5,300,1,-2,IS,2631
100,1.0,1.5,300,1,-1,IS,958
100,1.0,1.5,300,1,0,IS,1051
100,1.0,1.5,300,2,-1,IS,958
100,1.0,1.5,300,2,0,IS,1051
100,1.0,1.5,300,2,1,IS,1748
100,1.0,1.5,300,3,0,IS,1051
100,1.0,1.5,300,3,1,IS,1748
100,1.0,1.5,300,3,2,IS,2441
100,1.0,1.5,300,4,1,OOS,1748
100,1.0,1.5,300,4,2,OOS,2441
100,1.0,1.5,300,4,3,OOS,76
100,1.0,1.5,300,5,2,OOS,2441
100,1.0,1.5,300,5,3,OOS,76
100,1.0,1.5,300,5,4,OOS,1378
100,2.0,1.5,700,1,-2,IS,410
100,2.0,1.5,700,1,-1,IS,98
100,2.0,1.5,700,1,0,IS,122
100,2.0,1.5,700,2,-1,IS,98
100,2.0,1.5,700,2,0,IS,122
100,2.0,1.5,700,2,1,IS,408
100,2.0,1.5,700,3,0,IS,122
100,2.0,1.5,700,3,1,IS,408
100,2.0,1.5,700,3,2,IS,421
100,2.0,1.5,700,4,1,OOS,408
100,2.0,1.5,700,4,2,OOS,421
100,2.0,1.5,700,4,3,OOS,194
100,2.0,1.5,700,5,2,OOS,421
100,2.0,1.5,700,5,3,OOS,194
100,2.0,1.5,700,5,4,OOS,373
10,1.0,1.0,300,1,-2,IS,1167
10,1.0,1.0,300,1,-1,IS,632
10,1.0,1.0,300,1,0,IS,353
10,1.0,1.0,300,2,-1,IS,632
10,1.0,1.0,300,2,0,IS,353
10,1.0,1.0,300,2,1,IS,699
10,1.0,1.0,300,3,0,IS,353
10,1.0,1.0,300,3,1,IS,699
10,1.0,1.0,300,3,2,IS,641
10,1.0,1.0,300,4,1,OOS,699
10,1.0,1.0,300,4,2,OOS,641
10,1.0,1.0,300,4,3,OOS,699
10,1.0,1.0,300,5,2,OOS,641
10,1.0,1.0,300,5,3,OOS,699
10,1.0,1.0,300,5,4,OOS,565
30,3.0,1.2,500,1,-2,IS,123
30,3.0,1.2,500,1,-1,IS,24
30,3.0,1.2,500,1,0,IS,-34
30,3.0,1.2,500,2,-1,IS,24
30,3.0,1.2,500,2,0,IS,-34
30,3.0,1.2,500,2,1,IS,53
30,3.0,1.2,500,3,0,IS,-34
30,3.0,1.2,500,3,1,IS,53
30,3.0,1.2,500,3,2,IS,-6
30,3.0,1.2,500,4,1,OOS,53
30,3.0,1.2,500,4,2,OOS,-6
30,3.0,1.2,500,4,3,OOS,13
30,3.0,1.2,500,5,2,OOS,-6
30,3.0,1.2,500,5,3,OOS,13
30,3.0,1.2,500,5,4,OOS,-13
10,2.0,1.5,300,1,-2,IS,110
10,2.0,1.5,300,1,-1,IS,288
10,2.0,1.5,300,1,0,IS,80
10,2.0,1.5,300,2,-1,IS,288
10,2.0,1.5,300,2,0,IS,80
10,2.0,1.5,300,2,1,IS,217
10,2.0,1.5,300,3,0,IS,80
10,2.0,1.5,300,3,1,IS,217
10,2.0,1.5,300,3,2,IS,31
10,2.0,1.5,300,4,1,OOS,217
10,2.0,1.5,300,4,2,OOS,31
10,2.0,1.5,300,4,3,OOS,184
10,2.0,1.5,300,5,2,OOS,31
10,2.0,1.5,300,5,3,OOS,184
10,2.0,1.5,300,5,4,OOS,112
30,1.5,1.5,1000,1,-2,IS,361
30,1.5,1.5,1000,1,-1,IS,823
30,1.5,1.5,1000,1,0,IS,182
30,1.5,1.5,1000,2,-1,IS,823
30,1.5,1.5,1000,2,0,IS,182
30,1.5,1.5,1000,2,1,IS,245
30,1.5,1.5,1000,3,0,IS,182
30,1.5,1.5,1000,3,1,IS,245
30,1.5,1.5,1000,3,2,IS,215
30,1.5,1.5,1000,4,1,OOS,245
30,1.5,1.5,1000,4,2,OOS,215
30,1.5,1.5,1000,4,3,OOS,327
30,1.5,1.5,1000,5,2,OOS,215
30,1.5,1.5,1000,5,3,OOS,327
30,1.5,1.5,1000,5,4,OOS,413
100,3.0,1.2,700,1,-2,IS,198
100,3.0,1.2,700,1,-1,IS,40
100,3.0,1.2,700,1,0,IS,-42
100,3.0,1.2,700,2,-1,IS,40
100,3.0,1.2,700,2,0,IS,-42
100,3.0,1.2,700,2,1,IS,155
100,3.0,1.2,700,3,0,IS,-42
100,3.0,1.2,700,3,1,IS,155
100,3.0,1.2,700,3,2,IS,-101
100,3.0,1.2,700,4,1,OOS,155
100,3.0,1.2,700,4,2,OOS,-101
100,3.0,1.2,700,4,3,OOS,5
100,3.0,1.2,700,5,2,OOS,-101
100,3.0,1.2,700,5,3,OOS,5
100,3.0,1.2,700,5,4,OOS,-10
30,3.0,1.0,300,1,-2,IS,123
30,3.0,1.0,300,1,-1,IS,28
30,3.0,1.0,300,1,0,IS,-34
30,3.0,1.0,300,2,-1,IS,28
30,3.0,1.0,300,2,0,IS,-34
30,3.0,1.0,300,2,1,IS,53
30,3.0,1.0,300,3,0,IS,-34
30,3.0,1.0,300,3,1,IS,53
30,3.0,1.0,300,3,2,IS,-6
30,3.0,1.0,300,4,1,OOS,53
30,3.0,1.0,300,4,2,OOS,-6
30,3.0,1.0,300,4,3,OOS,13
30,3.0,1.0,300,5,2,OOS,-6
30,3.0,1.0,300,5,3,OOS,13
30,3.0,1.0,300,5,4,OOS,-13
50,1.5,0.8,100,1,-2,IS,3471
50,1.5,0.8,100,1,-1,IS,1340
50,1.5,0.8,100,1,0,IS,1206
50,1.5,0.8,100,2,-1,IS,1340
50,1.5,0.8,100,2,0,IS,1206
50,1.5,0.8,100,2,1,IS,3588
50,1.5,0.8,100,3,0,IS,1206
50,1.5,0.8,100,3,1,IS,3588
50,1.5,0.8,100,3,2,IS,1196
50,1.5,0.8,100,4,1,OOS,3588
50,1.5,0.8,100,4,2,OOS,1196
50,1.5,0.8,100,4,3,OOS,407
50,1.5,0.8,100,5,2,OOS,1196
50,1.5,0.8,100,5,3,OOS,407
50,1.5,0.8,100,5,4,OOS,1543
200,1.0,0.5,100,1,-2,IS,5356
200,1.0,0.5,100,1,-1,IS,4003
200,1.0,0.5,100,1,0,IS,3909
200,1.0,0.5,100,2,-1,IS,4003
200,1.0,0.5,100,2,0,IS,3909
200,1.0,0.5,100,2,1,IS,7163
200,1.0,0.5,100,3,0,IS,3909
200,1.0,0.5,100,3,1,IS,7163
200,1.0,0.5,100,3,2,IS,6715
200,1.0,0.5,100,4,1,OOS,7163
200,1.0,0.5,100,4,2,OOS,6715
200,1.0,0.5,100,4,3,OOS,1172
200,1.0,0.5,100,5,2,OOS,6715
200,1.0,0.5,100,5,3,OOS,1172
200,1.0,0.5,100,5,4,OOS,6338
200,1.0,1.0,300,1,-2,IS,2821
200,1.0,1.0,300,1,-1,IS,1581
200,1.0,1.0,300,1,0,IS,1754
200,1.0,1.0,300,2,-1,IS,1581
200,1.0,1.0,300,2,0,IS,1754
200,1.0,1.0,300,2,1,IS,2119
200,1.0,1.0,300,3,0,IS,1754
200,1.0,1.0,300,3,1,IS,2119
200,1.0,1.0,300,3,2,IS,1938
200,1.0,1.0,300,4,1,OOS,2119
200,1.0,1.0,300,4,2,OOS,1938
200,1.0,1.0,300,4,3,OOS,568
200,1.0,1.0,300,5,2,OOS,1938
200,1.0,1.0,300,5,3,OOS,568
200,1.0,1.0,300,5,4,OOS,3470
100,2.0,0.5,100,1,-2,IS,2599
100,2.0,0.5,100,1,-1,IS,799
100,2.0,0.5,100,1,0,IS,996
100,2.0,0.5,100,2,-1,IS,799
100,2.0,0.5,100,2,0,IS,996
100,2.0,0.5,100,2,1,IS,2326
100,2.0,0.5,100,3,0,IS,996
100,2.0,0.5,100,3,1,IS,2326
100,2.0,0.5,100,3,2,IS,944
100,2.0,0.5,100,4,1,OOS,2326
100,2.0,0.5,100,4,2,OOS,944
100,2.0,0.5,100,4,3,OOS,400
100,2.0,0.5,100,5,2,OOS,944
100,2.0,0.5,100,5,3,OOS,400
100,2.0,0.5,100,5,4,OOS,1245
30,1.0,0.5,100,1,-2,IS,5400
30,1.0,0.5,100,1,-1,IS,1727
30,1.0,0.5,100,1,0,IS,1566
30,1.0,0.5,100,2,-1,IS,1727
30,1.0,0.5,100,2,0,IS,1566
30,1.0,0.5,100,2,1,IS,4581
30,1.0,0.5,100,3,0,IS,1566
30,1.0,0.5,100,3,1,IS,4581
30,1.0,0.5,100,3,2,IS,1951
30,1.0,0.5,100,4,1,OOS,4581
30,1.0,0.5,100,4,2,OOS,1951
30,1.0,0.5,100,4,3,OOS,508
30,1.0,0.5,100,5,2,OOS,1951
30,1.0,0.5,100,5,3,OOS,508
30,1.0,0.5,100,5,4,OOS,3001
100,1.0,1.0,500,1,-2,IS,2380
100,1.0,1.0,500,1,-1,IS,628
100,1.0,1.0,500,1,0,IS,1017
100,1.0,1.0,500,2,-1,IS,628
100,1.0,1.0,500,2,0,IS,1017
100,1.0,1.0,500,2,1,IS,1788
100,1.0,1.0,500,3,0,IS,1017
100,1.0,1.0,500,3,1,IS,1788
100,1.0,1.0,500,3,2,IS,482
100,1.0,1.0,500,4,1,OOS,1788
100,1.0,1.0,500,4,2,OOS,482
100,1.0,1.0,500,4,3,OOS,1239
100,1.0,1.0,500,5,2,OOS,482
100,1.0,1.0,500,5,3,OOS,1239
100,1.0,1.0,500,5,4,OOS,202
10,2.5,1.2,700,1,-2,IS,53
10,2.5,1.2,700,1,-1,IS,25
10,2.5,1.2,700,1,0,IS,24
10,2.5,1.2,700,2,-1,IS,25
10,2.5,1.2,700,2,0,IS,24
10,2.5,1.2,700,2,1,IS,8
10,2.5,1.2,700,3,0,IS,24
10,2.5,1.2,700,3,1,IS,8
10,2.5,1.2,700,3,2,IS,-4
10,2.5,1.2,700,4,1,OOS,8
10,2.5,1.2,700,4,2,OOS,-4
10,2.5,1.2,700,4,3,OOS,31
10,2.5,1.2,700,5,2,OOS,-4
10,2.5,1.2,700,5,3,OOS,31
10,2.5,1.2,700,5,4,OOS,0
200,2.5,1.0,1000,1,-2,IS,78
200,2.5,1.0,1000,1,-1,IS,51
200,2.5,1.0,1000,1,0,IS,92
200,2.5,1.0,1000,2,-1,IS,51
200,2.5,1.0,1000,2,0,IS,92
200,2.5,1.0,1000,2,1,IS,365
200,2.5,1.0,1000,3,0,IS,92
200,2.5,1.0,1000,3,1,IS,365
200,2.5,1.0,1000,3,2,IS,294
200,2.5,1.0,1000,4,1,OOS,365
200,2.5,1.0,1000,4,2,OOS,294
200,2.5,1.0,1000,4,3,OOS,73
200,2.5,1.0,1000,5,2,OOS,294
200,2.5,1.0,1000,5,3,OOS,73
200,2.5,1.0,1000,5,4,OOS,118
100,1.5,0.5,1000,1,-2,IS,1083
100,1.5,0.5,1000,1,-1,IS,-168
100,1.5,0.5,1000,1,0,IS,218
100,1.5,0.5,1000,2,-1,IS,-168
100,1.5,0.5,1000,2,0,IS,218
100,1.5,0.5,1000,2,1,IS,1
100,1.5,0.5,1000,3,0,IS,218
100,1.5,0.5,1000,3,1,IS,1
100,1.5,0.5,1000,3,2,IS,517
100,1.5,0.5,1000,4,1,OOS,1
100,1.5,0.5,1000,4,2,OOS,517
100,1.5,0.5,1000,4,3,OOS,233
100,1.5,0.5,1000,5,2,OOS,517
100,1.5,0.5,1000,5,3,OOS,233
100,1.5,0.5,1000,5,4,OOS,140
50,3.0,1.5,1000,1,-2,IS,279
50,3.0,1.5,1000,1,-1,IS,-25
50,3.0,1.5,1000,1,0,IS,-7
50,3.0,1.5,1000,2,-1,IS,-25
50,3.0,1.5,1000,2,0,IS,-7
50,3.0,1.5,1000,2,1,IS,44
50,3.0,1.5,1000,3,0,IS,-7
50,3.0,1.5,1000,3,1,IS,44
50,3.0,1.5,1000,3,2,IS,-218
50,3.0,1.5,1000,4,1,OOS,44
50,3.0,1.5,1000,4,2,OOS,-218
50,3.0,1.5,1000,4,3,OOS,20
50,3.0,1.5,1000,5,2,OOS,-218
50,3.0,1.5,1000,5,3,OOS,20
50,3.0,1.5,1000,5,4,OOS,-19
200,2.0,0.8,300,1,-2,IS,1448
200,2.0,0.8,300,1,-1,IS,3
200,2.0,0.8,300,1,0,IS,574
200,2.0,0.8,300,2,-1,IS,3
200,2.0,0.8,300,2,0,IS,574
200,2.0,0.8,300,2,1,IS,938
200,2.0,0.8,300,3,0,IS,574
200,2.0,0.8,300,3,1,IS,938
200,2.0,0.8,300,3,2,IS,1702
200,2.0,0.8,300,4,1,OOS,938
200,2.0,0.8,300,4,2,OOS,1702
200,2.0,0.8,300,4,3,OOS,89
200,2.0,0.8,300,5,2,OOS,1702
200,2.0,0.8,300,5,3,OOS,89
200,2.0,0.8,300,5,4,OOS,945
30,1.0,0.8,1000,1,-2,IS,153
30,1.0,0.8,1000,1,-1,IS,218
30,1.0,0.8,1000,1,0,IS,128
30,1.0,0.8,1000,2,-1,IS,218
30,1.0,0.8,1000,2,0,IS,128
30,1.0,0.8,1000,2,1,IS,587
30,1.0,0.8,1000,3,0,IS,128
30,1.0,0.8,1000,3,1,IS,587
30,1.0,0.8,1000,3,2,IS,485
30,1.0,0.8,1000,4,1,OOS,587
30,1.0,0.8,1000,4,2,OOS,485
30,1.0,0.8,1000,4,3,OOS,265
30,1.0,0.8,1000,5,2,OOS,485
30,1.0,0.8,1000,5,3,OOS,265
30,1.0,0.8,1000,5,4,OOS,-61
30,1.0,1.5,100,1,-2,IS,3447
30,1.0,1.5,100,1,-1,IS,1409
30,1.0,1.5,100,1,0,IS,1272
30,1.0,1.5,100,2,-1,IS,1409
30,1.0,1.5,100,2,0,IS,1272
30,1.0,1.5,100,2,1,IS,3867
30,1.0,1.5,100,3,0,IS,1272
30,1.0,1.5,100,3,1,IS,3867
30,1.0,1.5,100,3,2,IS,1576
30,1.0,1.5,100,4,1,OOS,3867
30,1.0,1.5,100,4,2,OOS,1576
30,1.0,1.5,100,4,3,OOS,1360
30,1.0,1.5,100,5,2,OOS,1576
30,1.0,1.5,100,5,3,OOS,1360
30,1.0,1.5,100,5,4,OOS,2667
100,1.5,0.8,300,1,-2,IS,2410
100,1.5,0.8,300,1,-1,IS,64
100,1.5,0.8,300,1,0,IS,1119
100,1.5,0.8,300,2,-1,IS,64
100,1.5,0.8,300,2,0,IS,1119
100,1.5,0.8,300,2,1,IS,903
100,1.5,0.8,300,3,0,IS,1119
100,1.5,0.8,300,3,1,IS,903
100,1.5,0.8,300,3,2,IS,1500
100,1.5,0.8,300,4,1,OOS,903
100,1.5,0.8,300,4,2,OOS,1500
100,1.5,0.8,300,4,3,OOS,1060
100,1.5,0.8,300,5,2,OOS,1500
100,1.5,0.8,300,5,3,OOS,1060
100,1.5,0.8,300,5,4,OOS,880
200,1.5,0.8,500,1,-2,IS,1921
200,1.5,0.8,500,1,-1,IS,-234
200,1.5,0.8,500,1,0,IS,842
200,1.5,0.8,500,2,-1,IS,-234
200,1.5,0.8,500,2,0,IS,842
200,1.5,0.8,500,2,1,IS,706
200,1.5,0.8,500,3,0,IS,842
200,1.5,0.8,500,3,1,IS,706
200,1.5,0.8,500,3,2,IS,1634
200,1.5,0.8,500,4,1,OOS,706
200,1.5,0.8,500,4,2,OOS,1634
200,1.5,0.8,500,4,3,OOS,492
200,1.5,0.8,500,5,2,OOS,1634
200,1.5,0.8,500,5,3,OOS,492
200,1.5,0.8,500,5,4,OOS,912
200,1.5,1.2,500,1,-2,IS,1954
200,1.5,1.2,500,1,-1,IS,-298
200,1.5,1.2,500,1,0,IS,798
200,1.5,1.2,500,2,-1,IS,-298
200,1.5,1.2,500,2,0,IS,798
200,1.5,1.2,500,2,1,IS,690
200,1.5,1.2,500,3,0,IS,798
200,1.5,1.2,500,3,1,IS,690
200,1.5,1.2,500,3,2,IS,1338
200,1.5,1.2,500,4,1,OOS,690
200,1.5,1.2,500,4,2,OOS,1338
200,1.5,1.2,500,4,3,OOS,490
200,1.5,1.2,500,5,2,OOS,1338
200,1.5,1.2,500,5,3,OOS,490
200,1.5,1.2,500,5,4,OOS,975
30,2.0,0.8,700,1,-2,IS,190
30,2.0,0.8,700,1,-1,IS,186
30,2.0,0.8,700,1,0,IS,180
30,2.0,0.8,700,2,-1,IS,186
30,2.0,0.8,700,2,0,IS,180
30,2.0,0.8,700,2,1,IS,112
30,2.0,0.8,700,3,0,IS,180
30,2.0,0.8,700,3,1,IS,112
30,2.0,0.8,700,3,2,IS,348
30,2.0,0.8,700,4,1,OOS,112
30,2.0,0.8,700,4,2,OOS,348
30,2.0,0.8,700,4,3,OOS,171
30,2.0,0.8,700,5,2,OOS,348
30,2.0,0.8,700,5,3,OOS,171
30,2.0,0.8,700,5,4,OOS,133
50,1.5,1.0,300,1,-2,IS,2005
50,1.5,1.0,300,1,-1,IS,524
50,1.5,1.0,300,1,0,IS,496
50,1.5,1.0,300,2,-1,IS,524
50,1.5,1.0,300,2,0,IS,496
50,1.5,1.0,300,2,1,IS,1689
50,1.5,1.0,300,3,0,IS,496
50,1.5,1.0,300,3,1,IS,1689
50,1.5,1.0,300,3,2,IS,169
50,1.5,1.0,300,4,1,OOS,1689
50,1.5,1.0,300,4,2,OOS,169
50,1.5,1.0,300,4,3,OOS,279
50,1.5,1.0,300,5,2,OOS,169
50,1.5,1.0,300,5,3,OOS,279
50,1.5,1.0,300,5,4,OOS,489
10,2.5,1.2,1000,1,-2,IS,53
10,2.5,1.2,1000,1,-1,IS,25
10,2.5,1.2,1000,1,0,IS,24
10,2.5,1.2,1000,2,-1,IS,25
10,2.5,1.2,1000,2,0,IS,24
10,2.5,1.2,1000,2,1,IS,8
10,2.5,1.2,1000,3,0,IS,24
10,2.5,1.2,1000,3,1,IS,8
10,2.5,1.2,1000,3,2,IS,-4
10,2.5,1.2,1000,4,1,OOS,8
10,2.5,1.2,1000,4,2,OOS,-4
10,2.5,1.2,1000,4,3,OOS,31
10,2.5,1.2,1000,5,2,OOS,-4
10,2.5,1.2,1000,5,3,OOS,31
10,2.5,1.2,1000,5,4,OOS,0
50,2.5,0.5,1000,1,-2,IS,-22
50,2.5,0.5,1000,1,-1,IS,15
50,2.5,0.5,1000,1,0,IS,31
50,2.5,0.5,1000,2,-1,IS,15
50,2.5,0.5,1000,2,0,IS,31
50,2.5,0.5,1000,2,1,IS,87
50,2.5,0.5,1000,3,0,IS,31
50,2.5,0.5,1000,3,1,IS,87
50,2.5,0.5,1000,3,2,IS,-106
50,2.5,0.5,1000,4,1,OOS,87
50,2.5,0.5,1000,4,2,OOS,-106
50,2.5,0.5,1000,4,3,OOS,42
50,2.5,0.5,1000,5,2,OOS,-106
50,2.5,0.5,1000,5,3,OOS,42
50,2.5,0.5,1000,5,4,OOS,78
30,2.0,1.0,700,1,-2,IS,190
30,2.0,1.0,700,1,-1,IS,186
30,2.0,1.0,700,1,0,IS,180
30,2.0,1.0,700,2,-1,IS,186
30,2.0,1.0,700,2,0,IS,180
30,2.0,1.0,700,2,1,IS,112
30,2.0,1.0,700,3,0,IS,180
30,2.0,1.0,700,3,1,IS,112
30,2.0,1.0,700,3,2,IS,348
30,2.0,1.0,700,4,1,OOS,112
30,2.0,1.0,700,4,2,OOS,348
30,2.0,1.0,700,4,3,OOS,171
30,2.0,1.0,700,5,2,OOS,348
30,2.0,1.0,700,5,3,OOS,171
30,2.0,1.0,700,5,4,OOS,125
100,2.0,0.8,700,1,-2,IS,435
100,2.0,0.8,700,1,-1,IS,96
100,2.0,0.8,700,1,0,IS,132
100,2.0,0.8,700,2,-1,IS,96
100,2.0,0.8,700,2,0,IS,132
100,2.0,0.8,700,2,1,IS,432
100,2.0,0.8,700,3,0,IS,132
100,2.0,0.8,700,3,1,IS,432
100,2.0,0.8,700,3,2,IS,281
100,2.0,0.8,700,4,1,OOS,432
100,2.0,0.8,700,4,2,OOS,281
100,2.0,0.8,700,4,3,OOS,98
100,2.0,0.8,700,5,2,OOS,281
100,2.0,0.8,700,5,3,OOS,98
100,2.0,0.8,700,5,4,OOS,378
200,2.5,0.5,300,1,-2,IS,1278
200,2.5,0.5,300,1,-1,IS,340
200,2.5,0.5,300,1,0,IS,353
200,2.5,0.5,300,2,-1,IS,340
200,2.5,0.5,300,2,0,IS,353
200,2.5,0.5,300,2,1,IS,888
200,2.5,0.5,300,3,0,IS,353
200,2.5,0.5,300,3,1,IS,888
200,2.5,0.5,300,3,2,IS,614
200,2.5,0.5,300,4,1,OOS,888
200,2.5,0.5,300,4,2,OOS,614
200,2.5,0.5,300,4,3,OOS,165
200,2.5,0.5,300,5,2,OOS,614
200,2.5,0.5,300,5,3,OOS,165
200,2.5,0.5,300,5,4,OOS,183
100,2.0,1.0,300,1,-2,IS,1571
100,2.0,1.0,300,1,-1,IS,-82
100,2.0,1.0,300,1,0,IS,556
100,2.0,1.0,300,2,-1,IS,-82
100,2.0,1.0,300,2,0,IS,556
100,2.0,1.0,300,2,1,IS,699
100,2.0,1.0,300,3,0,IS,556
100,2.0,1.0,300,3,1,IS,699
100,2.0,1.0,300,3,2,IS,101
100,2.0,1.0,300,4,1,OOS,699
100,2.0,1.0,300,4,2,OOS,101
100,2.0,1.0,300,4,3,OOS,251
100,2.0,1.0,300,5,2,OOS,101
100,2.0,1.0,300,5,3,OOS,251
100,2.0,1.0,300,5,4,OOS,304
200,3.0,1.0,700,1,-2,IS,32
200,3.0,1.0,700,1,-1,IS,48
200,3.0,1.0,700,1,0,IS,-18
200,3.0,1.0,700,2,-1,IS,48
200,3.0,1.0,700,2,0,IS,-18
200,3.0,1.0,700,2,1,IS,143
200,3.0,1.0,700,3,0,IS,-18
200,3.0,1.0,700,3,1,IS,143
200,3.0,1.0,700,3,2,IS,130
200,3.0,1.0,700,4,1,OOS,143
200,3.0,1.0,700,4,2,OOS,130
200,3.0,1.0,700,4,3,OOS,82
200,3.0,1.0,700,5,2,OOS,130
200,3.0,1.0,700,5,3,OOS,82
200,3.0,1.0,700,5,4,OOS,31
10,1.5,0.5,1000,1,-2,IS,347
10,1.5,0.5,1000,1,-1,IS,63
10,1.5,0.5,1000,1,0,IS,178
10,1.5,0.5,1000,2,-1,IS,63
10,1.5,0.5,1000,2,0,IS,178
10,1.5,0.5,1000,2,1,IS,244
10,1.5,0.5,1000,3,0,IS,178
10,1.5,0.5,1000,3,1,IS,244
10,1.5,0.5,1000,3,2,IS,-76
10,1.5,0.5,1000,4,1,OOS,244
10,1.5,0.5,1000,4,2,OOS,-76
10,1.5,0.5,1000,4,3,OOS,226
10,1.5,0.5,1000,5,2,OOS,-76
10,1.5,0.5,1000,5,3,OOS,226
10,1.5,0.5,1000,5,4,OOS,154
